hoopshype.ID,twoK.ID
http://dbpedia.org/resource/Giannis_Antetokounmpo,http://dbpedia.org/resource/Giannis_Antetokounmpo
http://dbpedia.org/resource/Jayson_Tatum,http://dbpedia.org/resource/Jayson_Tatum
http://dbpedia.org/resource/Nikola_Jokic,http://dbpedia.org/resource/Nikola_Jokic
http://dbpedia.org/resource/Jimmy_Butler,http://dbpedia.org/resource/Jimmy_Butler
http://dbpedia.org/resource/Joel_Embiid,http://dbpedia.org/resource/Joel_Embiid
http://dbpedia.org/resource/Kevin_Durant,http://dbpedia.org/resource/Kevin_Durant
http://dbpedia.org/resource/Kawhi_Leonard,http://dbpedia.org/resource/Kawhi_Leonard
http://dbpedia.org/resource/Stephen_Curry,http://dbpedia.org/resource/Stephen_Curry
http://dbpedia.org/resource/LeBron_James,http://dbpedia.org/resource/LeBron_James
http://dbpedia.org/resource/Luka_Doncic,http://dbpedia.org/resource/Luka_Doncic
http://dbpedia.org/resource/Ja_Morant,http://dbpedia.org/resource/Ja_Morant
http://dbpedia.org/resource/Trae_Young,http://dbpedia.org/resource/Trae_Young
http://dbpedia.org/resource/James_Harden,http://dbpedia.org/resource/James_Harden
http://dbpedia.org/resource/Devin_Booker,http://dbpedia.org/resource/Devin_Booker
http://dbpedia.org/resource/Anthony_Davis,http://dbpedia.org/resource/Anthony_Davis
http://dbpedia.org/resource/Chris_Paul,http://dbpedia.org/resource/Chris_Paul
http://dbpedia.org/resource/Kyrie_Irving,http://dbpedia.org/resource/Kyrie_Irving
http://dbpedia.org/resource/DeMar_DeRozan,http://dbpedia.org/resource/DeMar_DeRozan
http://dbpedia.org/resource/Karl-Anthony_Towns,http://dbpedia.org/resource/Karl-Anthony_Towns
http://dbpedia.org/resource/Donovan_Mitchell,http://dbpedia.org/resource/Donovan_Mitchell
http://dbpedia.org/resource/Zach_LaVine,http://dbpedia.org/resource/Zach_LaVine
http://dbpedia.org/resource/Damian_Lillard,http://dbpedia.org/resource/Damian_Lillard
http://dbpedia.org/resource/Paul_George,http://dbpedia.org/resource/Paul_George
http://dbpedia.org/resource/Rudy_Gobert,http://dbpedia.org/resource/Rudy_Gobert
http://dbpedia.org/resource/Bam_Adebayo,http://dbpedia.org/resource/Bam_Adebayo
http://dbpedia.org/resource/LaMelo_Ball,http://dbpedia.org/resource/LaMelo_Ball
http://dbpedia.org/resource/Jaylen_Brown,http://dbpedia.org/resource/Jaylen_Brown
http://dbpedia.org/resource/Darius_Garland,http://dbpedia.org/resource/Darius_Garland
http://dbpedia.org/resource/Zion_Williamson,http://dbpedia.org/resource/Zion_Williamson
http://dbpedia.org/resource/Jrue_Holiday,http://dbpedia.org/resource/Jrue_Holiday
http://dbpedia.org/resource/Shai_Gilgeous-Alexander,http://dbpedia.org/resource/Shai_Gilgeous-Alexander
http://dbpedia.org/resource/Bradley_Beal,http://dbpedia.org/resource/Bradley_Beal
http://dbpedia.org/resource/Khris_Middleton,http://dbpedia.org/resource/Khris_Middleton
http://dbpedia.org/resource/Dejounte_Murray,http://dbpedia.org/resource/Dejounte_Murray
http://dbpedia.org/resource/Domantas_Sabonis,http://dbpedia.org/resource/Domantas_Sabonis
http://dbpedia.org/resource/Brandon_Ingram,http://dbpedia.org/resource/Brandon_Ingram
http://dbpedia.org/resource/Anthony_Edwards,http://dbpedia.org/resource/Anthony_Edwards
http://dbpedia.org/resource/Pascal_Siakam,http://dbpedia.org/resource/Pascal_Siakam
http://dbpedia.org/resource/Jarrett_Allen,http://dbpedia.org/resource/Jarrett_Allen
http://dbpedia.org/resource/Tyrese_Maxey,http://dbpedia.org/resource/Tyrese_Maxey
http://dbpedia.org/resource/Deandre_Ayton,http://dbpedia.org/resource/Deandre_Ayton
http://dbpedia.org/resource/Kristaps_Porzingis,http://dbpedia.org/resource/Kristaps_Porzingis
http://dbpedia.org/resource/Evan_Mobley,http://dbpedia.org/resource/Evan_Mobley
http://dbpedia.org/resource/Clint_Capela,http://dbpedia.org/resource/Clint_Capela
http://dbpedia.org/resource/Tyler_Herro,http://dbpedia.org/resource/Tyler_Herro
http://dbpedia.org/resource/Christian_Wood,http://dbpedia.org/resource/Christian_Wood
http://dbpedia.org/resource/Tyrese_Haliburton,http://dbpedia.org/resource/Tyrese_Haliburton
http://dbpedia.org/resource/Jamal_Murray,http://dbpedia.org/resource/Jamal_Murray
http://dbpedia.org/resource/Scottie_Barnes,http://dbpedia.org/resource/Scottie_Barnes
http://dbpedia.org/resource/Cade_Cunningham,http://dbpedia.org/resource/Cade_Cunningham
http://dbpedia.org/resource/Fred_VanVleet,http://dbpedia.org/resource/Fred_VanVleet
http://dbpedia.org/resource/Nikola_Vucevic,http://dbpedia.org/resource/Nikola_Vucevic
http://dbpedia.org/resource/Andrew_Wiggins,http://dbpedia.org/resource/Andrew_Wiggins
http://dbpedia.org/resource/Desmond_Bane,http://dbpedia.org/resource/Desmond_Bane
http://dbpedia.org/resource/John_Collins,http://dbpedia.org/resource/John_Collins
http://dbpedia.org/resource/Jalen_Brunson,http://dbpedia.org/resource/Jalen_Brunson
http://dbpedia.org/resource/Ben_Simmons,http://dbpedia.org/resource/Ben_Simmons
http://dbpedia.org/resource/Jonas_Valanciunas,http://dbpedia.org/resource/Jonas_Valanciunas
http://dbpedia.org/resource/Mikal_Bridges,http://dbpedia.org/resource/Mikal_Bridges
http://dbpedia.org/resource/Jordan_Poole,http://dbpedia.org/resource/Jordan_Poole
http://dbpedia.org/resource/Klay_Thompson,http://dbpedia.org/resource/Klay_Thompson
http://dbpedia.org/resource/Tobias_Harris,http://dbpedia.org/resource/Tobias_Harris
http://dbpedia.org/resource/Draymond_Green,http://dbpedia.org/resource/Draymond_Green
http://dbpedia.org/resource/Marcus_Smart,http://dbpedia.org/resource/Marcus_Smart
http://dbpedia.org/resource/Lonzo_Ball,http://dbpedia.org/resource/Lonzo_Ball
http://dbpedia.org/resource/Malcolm_Brogdon,http://dbpedia.org/resource/Malcolm_Brogdon
http://dbpedia.org/resource/Al_Horford,http://dbpedia.org/resource/Al_Horford
http://dbpedia.org/resource/Steven_Adams,http://dbpedia.org/resource/Steven_Adams
http://dbpedia.org/resource/Kyle_Lowry,http://dbpedia.org/resource/Kyle_Lowry
http://dbpedia.org/resource/Julius_Randle,http://dbpedia.org/resource/Julius_Randle
http://dbpedia.org/resource/Mike_Conley,http://dbpedia.org/resource/Mike_Conley
http://dbpedia.org/resource/Myles_Turner,http://dbpedia.org/resource/Myles_Turner
http://dbpedia.org/resource/Jalen_Green,http://dbpedia.org/resource/Jalen_Green
http://dbpedia.org/resource/Josh_Giddey,http://dbpedia.org/resource/Josh_Giddey
http://dbpedia.org/resource/Keldon_Johnson,http://dbpedia.org/resource/Keldon_Johnson
http://dbpedia.org/resource/Jerami_Grant,http://dbpedia.org/resource/Jerami_Grant
http://dbpedia.org/resource/Mitchell_Robinson,http://dbpedia.org/resource/Mitchell_Robinson
http://dbpedia.org/resource/Jusuf_Nurkic,http://dbpedia.org/resource/Jusuf_Nurkic
http://dbpedia.org/resource/Derrick_Rose,http://dbpedia.org/resource/Derrick_Rose
http://dbpedia.org/resource/OG_Anunoby,http://dbpedia.org/resource/OG_Anunoby
http://dbpedia.org/resource/Kevin_Love,http://dbpedia.org/resource/Kevin_Love
http://dbpedia.org/resource/Norman_Powell,http://dbpedia.org/resource/Norman_Powell
http://dbpedia.org/resource/Bobby_Portis,http://dbpedia.org/resource/Bobby_Portis
http://dbpedia.org/resource/Kyle_Kuzma,http://dbpedia.org/resource/Kyle_Kuzma
http://dbpedia.org/resource/Brook_Lopez,http://dbpedia.org/resource/Brook_Lopez
http://dbpedia.org/resource/Bojan_Bogdanovic,http://dbpedia.org/resource/Bojan_Bogdanovic
http://dbpedia.org/resource/Harrison_Barnes,http://dbpedia.org/resource/Harrison_Barnes
http://dbpedia.org/resource/Bogdan_Bogdanovic,http://dbpedia.org/resource/Bogdan_Bogdanovic
http://dbpedia.org/resource/Franz_Wagner,http://dbpedia.org/resource/Franz_Wagner
http://dbpedia.org/resource/Gordon_Hayward,http://dbpedia.org/resource/Gordon_Hayward
http://dbpedia.org/resource/Dillon_Brooks,http://dbpedia.org/resource/Dillon_Brooks
http://dbpedia.org/resource/Spencer_Dinwiddie,http://dbpedia.org/resource/Spencer_Dinwiddie
http://dbpedia.org/resource/Cameron_Johnson,http://dbpedia.org/resource/Cameron_Johnson
http://dbpedia.org/resource/Saddiq_Bey,http://dbpedia.org/resource/Saddiq_Bey
http://dbpedia.org/resource/Anfernee_Simons,http://dbpedia.org/resource/Anfernee_Simons
http://dbpedia.org/resource/Andre_Drummond,http://dbpedia.org/resource/Andre_Drummond
http://dbpedia.org/resource/Josh_Hart,http://dbpedia.org/resource/Josh_Hart
http://dbpedia.org/resource/Aaron_Gordon,http://dbpedia.org/resource/Aaron_Gordon
http://dbpedia.org/resource/Caris_LeVert,http://dbpedia.org/resource/Caris_LeVert
http://dbpedia.org/resource/Monte_Morris,http://dbpedia.org/resource/Monte_Morris
http://dbpedia.org/resource/Ricky_Rubio,http://dbpedia.org/resource/Ricky_Rubio
http://dbpedia.org/resource/Derrick_White,http://dbpedia.org/resource/Derrick_White
http://dbpedia.org/resource/Collin_Sexton,http://dbpedia.org/resource/Collin_Sexton
http://dbpedia.org/resource/Victor_Oladipo,http://dbpedia.org/resource/Victor_Oladipo
http://dbpedia.org/resource/Danilo_Gallinari,http://dbpedia.org/resource/Danilo_Gallinari
http://dbpedia.org/resource/John_Wall,http://dbpedia.org/resource/John_Wall
http://dbpedia.org/resource/Jarred_Vanderbilt,http://dbpedia.org/resource/Jarred_Vanderbilt
http://dbpedia.org/resource/Patrick_Beverley,http://dbpedia.org/resource/Patrick_Beverley
http://dbpedia.org/resource/Russell_Westbrook,http://dbpedia.org/resource/Russell_Westbrook
http://dbpedia.org/resource/Lauri_Markkanen,http://dbpedia.org/resource/Lauri_Markkanen
http://dbpedia.org/resource/Paolo_Banchero,http://dbpedia.org/resource/Paolo_Banchero
http://dbpedia.org/resource/Cole_Anthony,http://dbpedia.org/resource/Cole_Anthony
http://dbpedia.org/resource/Jonathan_Isaac,http://dbpedia.org/resource/Jonathan_Isaac
http://dbpedia.org/resource/Jonathan_Kuminga,http://dbpedia.org/resource/Jonathan_Kuminga
http://dbpedia.org/resource/Buddy_Hield,http://dbpedia.org/resource/Buddy_Hield
http://dbpedia.org/resource/Seth_Curry,http://dbpedia.org/resource/Seth_Curry
http://dbpedia.org/resource/Dorian_Finney-Smith,http://dbpedia.org/resource/Dorian_Finney-Smith
http://dbpedia.org/resource/Jakob_Poeltl,http://dbpedia.org/resource/Jakob_Poeltl
http://dbpedia.org/resource/Matisse_Thybulle,http://dbpedia.org/resource/Matisse_Thybulle
http://dbpedia.org/resource/Grant_Williams,http://dbpedia.org/resource/Grant_Williams
http://dbpedia.org/resource/Alex_Caruso,http://dbpedia.org/resource/Alex_Caruso
http://dbpedia.org/resource/Ivica_Zubac,http://dbpedia.org/resource/Ivica_Zubac
http://dbpedia.org/resource/Reggie_Jackson,http://dbpedia.org/resource/Reggie_Jackson
http://dbpedia.org/resource/Tyus_Jones,http://dbpedia.org/resource/Tyus_Jones
http://dbpedia.org/resource/Jordan_Clarkson,http://dbpedia.org/resource/Jordan_Clarkson
http://dbpedia.org/resource/Immanuel_Quickley,http://dbpedia.org/resource/Immanuel_Quickley
http://dbpedia.org/resource/Davion_Mitchell,http://dbpedia.org/resource/Davion_Mitchell
http://dbpedia.org/resource/Markelle_Fultz,http://dbpedia.org/resource/Markelle_Fultz
http://dbpedia.org/resource/JaVale_McGee,http://dbpedia.org/resource/JaVale_McGee
http://dbpedia.org/resource/Chris_Duarte,http://dbpedia.org/resource/Chris_Duarte
http://dbpedia.org/resource/Alperen_Sengun,http://dbpedia.org/resource/Alperen_Sengun
http://dbpedia.org/resource/Luguentz_Dort,http://dbpedia.org/resource/Luguentz_Dort
http://dbpedia.org/resource/Chet_Holmgren,http://dbpedia.org/resource/Chet_Holmgren
http://dbpedia.org/resource/Daniel_Gafford,http://dbpedia.org/resource/Daniel_Gafford
http://dbpedia.org/resource/Will_Barton,http://dbpedia.org/resource/Will_Barton
http://dbpedia.org/resource/Pat_Connaughton,http://dbpedia.org/resource/Pat_Connaughton
http://dbpedia.org/resource/Joe_Ingles,http://dbpedia.org/resource/Joe_Ingles
http://dbpedia.org/resource/Nicolas_Batum,http://dbpedia.org/resource/Nicolas_Batum
http://dbpedia.org/resource/Payton_Pritchard,http://dbpedia.org/resource/Payton_Pritchard
http://dbpedia.org/resource/Coby_White,http://dbpedia.org/resource/Coby_White
http://dbpedia.org/resource/Robert_Covington,http://dbpedia.org/resource/Robert_Covington
http://dbpedia.org/resource/Ayo_Dosunmu,http://dbpedia.org/resource/Ayo_Dosunmu
http://dbpedia.org/resource/Brandon_Clarke,http://dbpedia.org/resource/Brandon_Clarke
http://dbpedia.org/resource/Javonte_Green,http://dbpedia.org/resource/Javonte_Green
http://dbpedia.org/resource/Luke_Kennard,http://dbpedia.org/resource/Luke_Kennard
http://dbpedia.org/resource/Caleb_Martin,http://dbpedia.org/resource/Caleb_Martin
http://dbpedia.org/resource/Max_Strus,http://dbpedia.org/resource/Max_Strus
http://dbpedia.org/resource/Onyeka_Okongwu,http://dbpedia.org/resource/Onyeka_Okongwu
http://dbpedia.org/resource/Malik_Monk,http://dbpedia.org/resource/Malik_Monk
http://dbpedia.org/resource/Terence_Davis,http://dbpedia.org/resource/Terence_Davis
http://dbpedia.org/resource/Kevin_Huerter,http://dbpedia.org/resource/Kevin_Huerter
http://dbpedia.org/resource/Obi_Toppin,http://dbpedia.org/resource/Obi_Toppin
http://dbpedia.org/resource/Keegan_Murray,http://dbpedia.org/resource/Keegan_Murray
http://dbpedia.org/resource/Evan_Fournier,http://dbpedia.org/resource/Evan_Fournier
http://dbpedia.org/resource/Thomas_Bryant,http://dbpedia.org/resource/Thomas_Bryant
http://dbpedia.org/resource/Dwight_Powell,http://dbpedia.org/resource/Dwight_Powell
http://dbpedia.org/resource/Nicolas_Claxton,http://dbpedia.org/resource/Nicolas_Claxton
http://dbpedia.org/resource/Joe_Harris,http://dbpedia.org/resource/Joe_Harris
http://dbpedia.org/resource/Kentavious_Caldwell-Pope,http://dbpedia.org/resource/Kentavious_Caldwell-Pope
http://dbpedia.org/resource/Jeff_Green,http://dbpedia.org/resource/Jeff_Green
http://dbpedia.org/resource/Zeke_Nnaji,http://dbpedia.org/resource/Zeke_Nnaji
http://dbpedia.org/resource/Isaiah_Jackson,http://dbpedia.org/resource/Isaiah_Jackson
http://dbpedia.org/resource/Jalen_Smith,http://dbpedia.org/resource/Jalen_Smith
http://dbpedia.org/resource/Jaxson_Hayes,http://dbpedia.org/resource/Jaxson_Hayes
http://dbpedia.org/resource/Jose_Alvarado,http://dbpedia.org/resource/Jose_Alvarado
http://dbpedia.org/resource/Jaden_Ivey,http://dbpedia.org/resource/Jaden_Ivey
http://dbpedia.org/resource/Isaiah_Stewart,http://dbpedia.org/resource/Isaiah_Stewart
http://dbpedia.org/resource/Hamidou_Diallo,http://dbpedia.org/resource/Hamidou_Diallo
http://dbpedia.org/resource/Alec_Burks,http://dbpedia.org/resource/Alec_Burks
http://dbpedia.org/resource/Nerlens_Noel,http://dbpedia.org/resource/Nerlens_Noel
http://dbpedia.org/resource/Kelly_Olynyk,http://dbpedia.org/resource/Kelly_Olynyk
http://dbpedia.org/resource/Precious_Achiuwa,http://dbpedia.org/resource/Precious_Achiuwa
http://dbpedia.org/resource/Josh_Richardson,http://dbpedia.org/resource/Josh_Richardson
http://dbpedia.org/resource/Devin_Vassell,http://dbpedia.org/resource/Devin_Vassell
http://dbpedia.org/resource/Chris_Boucher,http://dbpedia.org/resource/Chris_Boucher
http://dbpedia.org/resource/Jae_Crowder,http://dbpedia.org/resource/Jae_Crowder
http://dbpedia.org/resource/Cameron_Payne,http://dbpedia.org/resource/Cameron_Payne
http://dbpedia.org/resource/Darius_Bazley,http://dbpedia.org/resource/Darius_Bazley
http://dbpedia.org/resource/Dario_Saric,http://dbpedia.org/resource/Dario_Saric
http://dbpedia.org/resource/Taurean_Prince,http://dbpedia.org/resource/Taurean_Prince
http://dbpedia.org/resource/Kyle_Anderson,http://dbpedia.org/resource/Kyle_Anderson
http://dbpedia.org/resource/Serge_Ibaka,http://dbpedia.org/resource/Serge_Ibaka
http://dbpedia.org/resource/Patrick_Williams,http://dbpedia.org/resource/Patrick_Williams
http://dbpedia.org/resource/Nassir_Little,http://dbpedia.org/resource/Nassir_Little
http://dbpedia.org/resource/JaMychal_Green,http://dbpedia.org/resource/JaMychal_Green
http://dbpedia.org/resource/Rui_Hachimura,http://dbpedia.org/resource/Rui_Hachimura
http://dbpedia.org/resource/Deni_Avdija,http://dbpedia.org/resource/Deni_Avdija
http://dbpedia.org/resource/Isaac_Okoro,http://dbpedia.org/resource/Isaac_Okoro
http://dbpedia.org/resource/Grayson_Allen,http://dbpedia.org/resource/Grayson_Allen
http://dbpedia.org/resource/Robin_Lopez,http://dbpedia.org/resource/Robin_Lopez
http://dbpedia.org/resource/Cedi_Osman,http://dbpedia.org/resource/Cedi_Osman
http://dbpedia.org/resource/Raul_Neto,http://dbpedia.org/resource/Raul_Neto
http://dbpedia.org/resource/Terance_Mann,http://dbpedia.org/resource/Terance_Mann
http://dbpedia.org/resource/Amir_Coffey,http://dbpedia.org/resource/Amir_Coffey
http://dbpedia.org/resource/John_Konchar,http://dbpedia.org/resource/John_Konchar
http://dbpedia.org/resource/Xavier_Tillman,http://dbpedia.org/resource/Xavier_Tillman
http://dbpedia.org/resource/Aaron_Holiday,http://dbpedia.org/resource/Aaron_Holiday
http://dbpedia.org/resource/Dewayne_Dedmon,http://dbpedia.org/resource/Dewayne_Dedmon
http://dbpedia.org/resource/Gabe_Vincent,http://dbpedia.org/resource/Gabe_Vincent
http://dbpedia.org/resource/Mason_Plumlee,http://dbpedia.org/resource/Mason_Plumlee
http://dbpedia.org/resource/Cody_Martin,http://dbpedia.org/resource/Cody_Martin
http://dbpedia.org/resource/Malik_Beasley,http://dbpedia.org/resource/Malik_Beasley
http://dbpedia.org/resource/Chimezie_Metu,http://dbpedia.org/resource/Chimezie_Metu
http://dbpedia.org/resource/Rudy_Gay,http://dbpedia.org/resource/Rudy_Gay
http://dbpedia.org/resource/Richaun_Holmes,http://dbpedia.org/resource/Richaun_Holmes
http://dbpedia.org/resource/Terrence_Ross,http://dbpedia.org/resource/Terrence_Ross
http://dbpedia.org/resource/Trey_Lyles,http://dbpedia.org/resource/Trey_Lyles
http://dbpedia.org/resource/Jalen_Suggs,http://dbpedia.org/resource/Jalen_Suggs
http://dbpedia.org/resource/Chuma_Okeke,http://dbpedia.org/resource/Chuma_Okeke
http://dbpedia.org/resource/Moritz_Wagner,http://dbpedia.org/resource/Moritz_Wagner
http://dbpedia.org/resource/Reggie_Bullock,http://dbpedia.org/resource/Reggie_Bullock
http://dbpedia.org/resource/Edmond_Sumner,http://dbpedia.org/resource/Edmond_Sumner
http://dbpedia.org/resource/Maxi_Kleber,http://dbpedia.org/resource/Maxi_Kleber
http://dbpedia.org/resource/Daniel_Theis,http://dbpedia.org/resource/Daniel_Theis
http://dbpedia.org/resource/Oshae_Brissett,http://dbpedia.org/resource/Oshae_Brissett
http://dbpedia.org/resource/Goga_Bitadze,http://dbpedia.org/resource/Goga_Bitadze
http://dbpedia.org/resource/Trey_Murphy,http://dbpedia.org/resource/Trey_Murphy
http://dbpedia.org/resource/Khem_Birch,http://dbpedia.org/resource/Khem_Birch
http://dbpedia.org/resource/Eric_Gordon,http://dbpedia.org/resource/Eric_Gordon
http://dbpedia.org/resource/Isaiah_Roby,http://dbpedia.org/resource/Isaiah_Roby
http://dbpedia.org/resource/Josh_Christopher,http://dbpedia.org/resource/Josh_Christopher
http://dbpedia.org/resource/Tre_Mann,http://dbpedia.org/resource/Tre_Mann
http://dbpedia.org/resource/Derrick_Favors,http://dbpedia.org/resource/Derrick_Favors
http://dbpedia.org/resource/Mike_Muscala,http://dbpedia.org/resource/Mike_Muscala
http://dbpedia.org/resource/Aleksej_Pokusevski,http://dbpedia.org/resource/Aleksej_Pokusevski
http://dbpedia.org/resource/Kenrich_Williams,http://dbpedia.org/resource/Kenrich_Williams
http://dbpedia.org/resource/Naz_Reid,http://dbpedia.org/resource/Naz_Reid
http://dbpedia.org/resource/Jaylen_Nowell,http://dbpedia.org/resource/Jaylen_Nowell
http://dbpedia.org/resource/Jaden_McDaniels,http://dbpedia.org/resource/Jaden_McDaniels
http://dbpedia.org/resource/Kevon_Looney,http://dbpedia.org/resource/Kevon_Looney
http://dbpedia.org/resource/Jordan_McLaughlin,http://dbpedia.org/resource/Jordan_McLaughlin
http://dbpedia.org/resource/Drew_Eubanks,http://dbpedia.org/resource/Drew_Eubanks
http://dbpedia.org/resource/Donte_DiVincenzo,http://dbpedia.org/resource/Donte_DiVincenzo
http://dbpedia.org/resource/Justise_Winslow,http://dbpedia.org/resource/Justise_Winslow
http://dbpedia.org/resource/Corey_Kispert,http://dbpedia.org/resource/Corey_Kispert
http://dbpedia.org/resource/Goran_Dragic,http://dbpedia.org/resource/Goran_Dragic
http://dbpedia.org/resource/James_Wiseman,http://dbpedia.org/resource/James_Wiseman
http://dbpedia.org/resource/Delon_Wright,http://dbpedia.org/resource/Delon_Wright
http://dbpedia.org/resource/Shake_Milton,http://dbpedia.org/resource/Shake_Milton
http://dbpedia.org/resource/Ziaire_Williams,http://dbpedia.org/resource/Ziaire_Williams
http://dbpedia.org/resource/Tony_Bradley,http://dbpedia.org/resource/Tony_Bradley
http://dbpedia.org/resource/Duncan_Robinson,http://dbpedia.org/resource/Duncan_Robinson
http://dbpedia.org/resource/Talen_Horton-Tucker,http://dbpedia.org/resource/Talen_Horton-Tucker
http://dbpedia.org/resource/Austin_Reaves,http://dbpedia.org/resource/Austin_Reaves
http://dbpedia.org/resource/Alex_Len,http://dbpedia.org/resource/Alex_Len
http://dbpedia.org/resource/Gary_Harris,http://dbpedia.org/resource/Gary_Harris
http://dbpedia.org/resource/Isaiah_Hartenstein,http://dbpedia.org/resource/Isaiah_Hartenstein
http://dbpedia.org/resource/Kendrick_Nunn,http://dbpedia.org/resource/Kendrick_Nunn
http://dbpedia.org/resource/Terry_Taylor,http://dbpedia.org/resource/Terry_Taylor
http://dbpedia.org/resource/Bennedict_Mathurin,http://dbpedia.org/resource/Bennedict_Mathurin
http://dbpedia.org/resource/Willy_Hernangomez,http://dbpedia.org/resource/Willy_Hernangomez
http://dbpedia.org/resource/Thaddeus_Young,http://dbpedia.org/resource/Thaddeus_Young
http://dbpedia.org/resource/David_Nwaba,http://dbpedia.org/resource/David_Nwaba
http://dbpedia.org/resource/Tre_Jones,http://dbpedia.org/resource/Tre_Jones
http://dbpedia.org/resource/Keita_Bates-Diop,http://dbpedia.org/resource/Keita_Bates-Diop
http://dbpedia.org/resource/Doug_McDermott,http://dbpedia.org/resource/Doug_McDermott
http://dbpedia.org/resource/Torrey_Craig,http://dbpedia.org/resource/Torrey_Craig
http://dbpedia.org/resource/Gorgui_Dieng,http://dbpedia.org/resource/Gorgui_Dieng
http://dbpedia.org/resource/Zach_Collins,http://dbpedia.org/resource/Zach_Collins
http://dbpedia.org/resource/Trendon_Watford,http://dbpedia.org/resource/Trendon_Watford
http://dbpedia.org/resource/Johnny_Davis,http://dbpedia.org/resource/Johnny_Davis
http://dbpedia.org/resource/Taj_Gibson,http://dbpedia.org/resource/Taj_Gibson
http://dbpedia.org/resource/Paul_Reed,http://dbpedia.org/resource/Paul_Reed
http://dbpedia.org/resource/Georges_Niang,http://dbpedia.org/resource/Georges_Niang
http://dbpedia.org/resource/Charles_Bassey,http://dbpedia.org/resource/Charles_Bassey
http://dbpedia.org/resource/Dean_Wade,http://dbpedia.org/resource/Dean_Wade
http://dbpedia.org/resource/George_Hill,http://dbpedia.org/resource/George_Hill
http://dbpedia.org/resource/Furkan_Korkmaz,http://dbpedia.org/resource/Furkan_Korkmaz
http://dbpedia.org/resource/Nick_Richards,http://dbpedia.org/resource/Nick_Richards
http://dbpedia.org/resource/Jalen_Johnson,http://dbpedia.org/resource/Jalen_Johnson
http://dbpedia.org/resource/Danny_Green,http://dbpedia.org/resource/Danny_Green
http://dbpedia.org/resource/Ochai_Agbaji,http://dbpedia.org/resource/Ochai_Agbaji
http://dbpedia.org/resource/Jalen_McDaniels,http://dbpedia.org/resource/Jalen_McDaniels
http://dbpedia.org/resource/Josh_Green,http://dbpedia.org/resource/Josh_Green
http://dbpedia.org/resource/Davis_Bertans,http://dbpedia.org/resource/Davis_Bertans
http://dbpedia.org/resource/Dyson_Daniels,http://dbpedia.org/resource/Dyson_Daniels
http://dbpedia.org/resource/Garrison_Mathews,http://dbpedia.org/resource/Garrison_Mathews
http://dbpedia.org/resource/Cory_Joseph,http://dbpedia.org/resource/Cory_Joseph
http://dbpedia.org/resource/Boban_Marjanovic,http://dbpedia.org/resource/Boban_Marjanovic
http://dbpedia.org/resource/Naji_Marshall,http://dbpedia.org/resource/Naji_Marshall
http://dbpedia.org/resource/Jeremy_Sochan,http://dbpedia.org/resource/Jeremy_Sochan
http://dbpedia.org/resource/Jalen_Duren,http://dbpedia.org/resource/Jalen_Duren
http://dbpedia.org/resource/Jeremiah_Robinson-Earl,http://dbpedia.org/resource/Jeremiah_Robinson-Earl
http://dbpedia.org/resource/Aaron_Wiggins,http://dbpedia.org/resource/Aaron_Wiggins
http://dbpedia.org/resource/Usman_Garuba,http://dbpedia.org/resource/Usman_Garuba
http://dbpedia.org/resource/Marquese_Chriss,http://dbpedia.org/resource/Marquese_Chriss
http://dbpedia.org/resource/Damion_Lee,http://dbpedia.org/resource/Damion_Lee
http://dbpedia.org/resource/Landry_Shamet,http://dbpedia.org/resource/Landry_Shamet
http://dbpedia.org/resource/Moses_Moody,http://dbpedia.org/resource/Moses_Moody
http://dbpedia.org/resource/Bryn_Forbes,http://dbpedia.org/resource/Bryn_Forbes
http://dbpedia.org/resource/Austin_Rivers,http://dbpedia.org/resource/Austin_Rivers
http://dbpedia.org/resource/Wesley_Matthews,http://dbpedia.org/resource/Wesley_Matthews
http://dbpedia.org/resource/David_Roddy,http://dbpedia.org/resource/David_Roddy
http://dbpedia.org/resource/Thanasis_Antetokounmpo,http://dbpedia.org/resource/Thanasis_Antetokounmpo
http://dbpedia.org/resource/Moses_Brown,http://dbpedia.org/resource/Moses_Brown
http://dbpedia.org/resource/AJ_Griffin,http://dbpedia.org/resource/AJ_Griffin
http://dbpedia.org/resource/Justin_Holiday,http://dbpedia.org/resource/Justin_Holiday
http://dbpedia.org/resource/Mark_Williams,http://dbpedia.org/resource/Mark_Williams
http://dbpedia.org/resource/Jevon_Carter,http://dbpedia.org/resource/Jevon_Carter
http://dbpedia.org/resource/Kai_Jones,http://dbpedia.org/resource/Kai_Jones
http://dbpedia.org/resource/James_Bouknight,http://dbpedia.org/resource/James_Bouknight
http://dbpedia.org/resource/Nickeil_Alexander-Walker,http://dbpedia.org/resource/Nickeil_Alexander-Walker
http://dbpedia.org/resource/Simone_Fontecchio,http://dbpedia.org/resource/Simone_Fontecchio
http://dbpedia.org/resource/Quentin_Grimes,http://dbpedia.org/resource/Quentin_Grimes
http://dbpedia.org/resource/Damian_Jones,http://dbpedia.org/resource/Damian_Jones
http://dbpedia.org/resource/Juan_Toscano-Anderson,http://dbpedia.org/resource/Juan_Toscano-Anderson
http://dbpedia.org/resource/Yuta_Watanabe,http://dbpedia.org/resource/Yuta_Watanabe
http://dbpedia.org/resource/Frank_Ntilikina,http://dbpedia.org/resource/Frank_Ntilikina
http://dbpedia.org/resource/Markieff_Morris,http://dbpedia.org/resource/Markieff_Morris
http://dbpedia.org/resource/DeAndre_Jordan,http://dbpedia.org/resource/DeAndre_Jordan
http://dbpedia.org/resource/Dalano_Banton,http://dbpedia.org/resource/Dalano_Banton
http://dbpedia.org/resource/Isaiah_Livers,http://dbpedia.org/resource/Isaiah_Livers
http://dbpedia.org/resource/Tari_Eason,http://dbpedia.org/resource/Tari_Eason
http://dbpedia.org/resource/Malaki_Branham,http://dbpedia.org/resource/Malaki_Branham
http://dbpedia.org/resource/Bismack_Biyombo,http://dbpedia.org/resource/Bismack_Biyombo
http://dbpedia.org/resource/Ty_Jerome,http://dbpedia.org/resource/Ty_Jerome
http://dbpedia.org/resource/Theo_Maledon,http://dbpedia.org/resource/Theo_Maledon
http://dbpedia.org/resource/Ousmane_Dieng,http://dbpedia.org/resource/Ousmane_Dieng
http://dbpedia.org/resource/Jalen_Williams,http://dbpedia.org/resource/Jalen_Williams
http://dbpedia.org/resource/Shaedon_Sharpe,http://dbpedia.org/resource/Shaedon_Sharpe
http://dbpedia.org/resource/Anthony_Gill,http://dbpedia.org/resource/Anthony_Gill
http://dbpedia.org/resource/Sam_Hauser,http://dbpedia.org/resource/Sam_Hauser
http://dbpedia.org/resource/MarJon_Beauchamp,http://dbpedia.org/resource/MarJon_Beauchamp
http://dbpedia.org/resource/Dalen_Terry,http://dbpedia.org/resource/Dalen_Terry
http://dbpedia.org/resource/Jake_LaRavia,http://dbpedia.org/resource/Jake_LaRavia
http://dbpedia.org/resource/Sandro_Mamukelashvili,http://dbpedia.org/resource/Sandro_Mamukelashvili
http://dbpedia.org/resource/Dylan_Windler,http://dbpedia.org/resource/Dylan_Windler
http://dbpedia.org/resource/Leandro_Bolmaro,http://dbpedia.org/resource/Leandro_Bolmaro
http://dbpedia.org/resource/Walker_Kessler,http://dbpedia.org/resource/Walker_Kessler
http://dbpedia.org/resource/Nikola_Jovic,http://dbpedia.org/resource/Nikola_Jovic
http://dbpedia.org/resource/Jericho_Sims,http://dbpedia.org/resource/Jericho_Sims
http://dbpedia.org/resource/Miles_McBride,http://dbpedia.org/resource/Miles_McBride
http://dbpedia.org/resource/Wenyen_Gabriel,http://dbpedia.org/resource/Wenyen_Gabriel
http://dbpedia.org/resource/Bol_Bol,http://dbpedia.org/resource/Bol_Bol
http://dbpedia.org/resource/Kessler_Edwards,http://dbpedia.org/resource/Kessler_Edwards
http://dbpedia.org/resource/Christian_Braun,http://dbpedia.org/resource/Christian_Braun
http://dbpedia.org/resource/Vlatko_Cancar,http://dbpedia.org/resource/Vlatko_Cancar
http://dbpedia.org/resource/Aaron_Nesmith,http://dbpedia.org/resource/Aaron_Nesmith
http://dbpedia.org/resource/Killian_Hayes,http://dbpedia.org/resource/Killian_Hayes
http://dbpedia.org/resource/Rodney_McGruder,http://dbpedia.org/resource/Rodney_McGruder
http://dbpedia.org/resource/Trey_Burke,http://dbpedia.org/resource/Trey_Burke
http://dbpedia.org/resource/Josh_Okogie,http://dbpedia.org/resource/Josh_Okogie
http://dbpedia.org/resource/Blake_Wesley,http://dbpedia.org/resource/Blake_Wesley
http://dbpedia.org/resource/Lindy_Waters_III,http://dbpedia.org/resource/Lindy_Waters_III
http://dbpedia.org/resource/Luka_Garza,http://dbpedia.org/resource/Luka_Garza
http://dbpedia.org/resource/Jaden_Springer,http://dbpedia.org/resource/Jaden_Springer
http://dbpedia.org/resource/Keon_Johnson,http://dbpedia.org/resource/Keon_Johnson
http://dbpedia.org/resource/Nathan_Knight,http://dbpedia.org/resource/Nathan_Knight
http://dbpedia.org/resource/Luke_Kornet,http://dbpedia.org/resource/Luke_Kornet
http://dbpedia.org/resource/Jason_Preston,http://dbpedia.org/resource/Jason_Preston
http://dbpedia.org/resource/Mfiondu_Kabengele,http://dbpedia.org/resource/Mfiondu_Kabengele
http://dbpedia.org/resource/Kennedy_Chandler,http://dbpedia.org/resource/Kennedy_Chandler
http://dbpedia.org/resource/Udonis_Haslem,http://dbpedia.org/resource/Udonis_Haslem
http://dbpedia.org/resource/Bryce_McGowens,http://dbpedia.org/resource/Bryce_McGowens
http://dbpedia.org/resource/Max_Christie,http://dbpedia.org/resource/Max_Christie
http://dbpedia.org/resource/Neemias_Queta,http://dbpedia.org/resource/Neemias_Queta
http://dbpedia.org/resource/Caleb_Houstan,http://dbpedia.org/resource/Caleb_Houstan
http://dbpedia.org/resource/Jaden_Hardy,http://dbpedia.org/resource/Jaden_Hardy
http://dbpedia.org/resource/Andrew_Nembhard,http://dbpedia.org/resource/Andrew_Nembhard
http://dbpedia.org/resource/Peyton_Watson,http://dbpedia.org/resource/Peyton_Watson
http://dbpedia.org/resource/Justin_Champagnie,http://dbpedia.org/resource/Justin_Champagnie
http://dbpedia.org/resource/Garrett_Temple,http://dbpedia.org/resource/Garrett_Temple
http://dbpedia.org/resource/Christian_Koloko,http://dbpedia.org/resource/Christian_Koloko
http://dbpedia.org/resource/Romeo_Langford,http://dbpedia.org/resource/Romeo_Langford
http://dbpedia.org/resource/Isaiah_Todd,http://dbpedia.org/resource/Isaiah_Todd
http://dbpedia.org/resource/Vit_Krejci,http://dbpedia.org/resource/Vit_Krejci
http://dbpedia.org/resource/Isaiah_Joe,http://dbpedia.org/resource/Isaiah_Joe
http://dbpedia.org/resource/Jaylin_Williams,http://dbpedia.org/resource/Jaylin_Williams
http://dbpedia.org/resource/Jock_Landale,http://dbpedia.org/resource/Jock_Landale
http://dbpedia.org/resource/JD_Davison,http://dbpedia.org/resource/JD_Davison
http://dbpedia.org/resource/Moussa_Diabate,http://dbpedia.org/resource/Moussa_Diabate
http://dbpedia.org/resource/Isaiah_Mobley,http://dbpedia.org/resource/Isaiah_Mobley
http://dbpedia.org/resource/Admiral_Schofield,http://dbpedia.org/resource/Admiral_Schofield
http://dbpedia.org/resource/Julian_Champagnie,http://dbpedia.org/resource/Julian_Champagnie
http://dbpedia.org/resource/Haywood_Highsmith,http://dbpedia.org/resource/Haywood_Highsmith
http://dbpedia.org/resource/Theo_Pinson,http://dbpedia.org/resource/Theo_Pinson
http://dbpedia.org/resource/Buddy_Boeheim,http://dbpedia.org/resource/Buddy_Boeheim
http://dbpedia.org/resource/Alondes_Williams,http://dbpedia.org/resource/Alondes_Williams
http://dbpedia.org/resource/Collin_Gillespie,http://dbpedia.org/resource/Collin_Gillespie
http://dbpedia.org/resource/Trevor_Hudgins,http://dbpedia.org/resource/Trevor_Hudgins
http://dbpedia.org/resource/Josh_Minott,http://dbpedia.org/resource/Josh_Minott
http://dbpedia.org/resource/Eugene_Omoruyi,http://dbpedia.org/resource/Eugene_Omoruyi
http://dbpedia.org/resource/Ryan_Rollins,http://dbpedia.org/resource/Ryan_Rollins
http://dbpedia.org/resource/Jabari_Walker,http://dbpedia.org/resource/Jabari_Walker
http://dbpedia.org/resource/Darius_Days,http://dbpedia.org/resource/Darius_Days
http://dbpedia.org/resource/Feron_Hunt,http://dbpedia.org/resource/Feron_Hunt
http://dbpedia.org/resource/Cole_Swider,http://dbpedia.org/resource/Cole_Swider
http://dbpedia.org/resource/Jack_White,http://dbpedia.org/resource/Jack_White
http://dbpedia.org/resource/Daishen_Nix,http://dbpedia.org/resource/Daishen_Nix
http://dbpedia.org/resource/Jordan_Hall,http://dbpedia.org/resource/Jordan_Hall
http://dbpedia.org/resource/Dominick_Barlow,http://dbpedia.org/resource/Dominick_Barlow
